Workbook
Name Slicer_State_UTs: #N/A
Name Slicer_Zone: #N/A

Sheet ZONE WISE TOTAL CASES
A3: Row Labels | B3: Sum of Total cases
A4: South | B4: 13650538 | G4: Row Labels | H4: Sum of Total cases
A5: West | B5: 9386876 | G5: Andhra Pradesh | H5: 2069770
A6: East | B6: 5884786 | G6: Karnataka | H6: 2991614
A7: North | B7: 5515107 | G7: Kerala | H7: 5055224
A8: Grand Total | B8: 34437307 | G8: Maharashtra | H8: 6623344
G9: Tamil Nadu | H9: 2714025

Sheet ZONE WISE ACTIVE CASES
A3: Row Labels | B3: Sum of Active | F3: Row Labels | G3: Sum of Discharged | K3: Row Labels | L3: Sum of Deaths
A4: East | B4: 0.15749202 | F4: East | G4: 0.171264 | K4: East | L4: 0.14707354
A5: North | B5: 0.027921247 | F5: North | G5: 0.16017547 | K5: North | L5: 0.19700343
A6: South | B6: 0.69318265 | F6: South | G6: 0.39676839 | K6: South | L6: 0.28159774
A7: West | B7: 0.12140408 | F7: West | G7: 0.27179214 | K7: West | L7: 0.37432529
A8: Grand Total | B8: 1 | F8: Grand Total | G8: 1 | K8: Grand Total | L8: 1

Sheet STATE BY CASES
A4: Row Labels | B4: Sum of Active | E4: Row Labels | F4: Sum of Discharged | I4: Row Labels | J4: Sum of Deaths
A5: Karnataka | B5: 8056 | E5: Andhra Pradesh | F5: 2052230 | I5: Delhi | J5: 25093
A6: Kerala | B6: 69258 | E6: Karnataka | F6: 2945415 | I6: Karnataka | J6: 38143
A7: Maharashtra | B7: 15866 | E7: Kerala | F7: 4950281 | I7: Kerala | J7: 35685
A8: Tamil Nadu | B8: 9751 | E8: Maharashtra | F8: 6466913 | I8: Maharashtra | J8: 140565
A9: West Bengal | B9: 8031 | E9: Tamil Nadu | F9: 2668001 | I9: Tamil Nadu | J9: 36273

Sheet KPI
A3: Row Labels | B3: Sum of Total cases | D3: Row Labels | E3: Sum of Active | G3: Row Labels | H3: Sum of Discharged
A4: East | B4: 5884786 | D4: East | E4: 21406 | G4: East | H4: 5795207
A5: North | B5: 5515107 | D5: North | E5: 3795 | G5: North | H5: 5419995
A6: South | B6: 13650538 | D6: South | E6: 94216 | G6: South | H6: 13425793
A7: West | B7: 9386876 | D7: West | E7: 16501 | G7: West | H7: 9196864
A8: Grand Total | B8: 34437307 | D8: Grand Total | E8: 135918 | G8: Grand Total | H8: 33837859
B11: 34437307 | E11: 135918 | H11: 33837859 | J11: =H11 -> 33837859
B13: =B11 -> 34437307 | E13: =E11 -> 135918
G15: Row Labels | H15: Sum of Deaths
G16: East | H16: 68173
G17: North | H17: 91317
G18: South | H18: 130529
G19: West | H19: 173511
G20: Grand Total | H20: 463530
H23: 463530 | J23: =H23 -> 463530

Sheet COVID-19
A1: State/UTs | B1: Zone | C1: Population | D1: Active | E1: Discharged | F1: Deaths | G1: Total cases | H1: Total case Catagories
A2: Andaman and Nicobar | B2: South | C2: 399001 | D2: 7 | E2: 7534 | F2: 129 | G2: =SUM(D2,E2,F2) -> 7670 | H2: =IF(G2<AVERAGE(G:G),"Below average","Above average") -> Below average
A3: Andhra Pradesh | B3: South | C3: 91702478 | D3: 3128 | E3: 2052230 | F3: 14412 | G3: =SUM(D3,E3,F3) -> 2069770 | H3: =IF(G3<AVERAGE(G:G),"Below average","Above average") -> Above average
A4: Arunachal Pradesh | B4: East | C4: 1711947 | D4: 42 | E4: 54894 | F4: 280 | G4: =SUM(D4,E4,F4) -> 55216 | H4: =IF(G4<AVERAGE(G:G),"Below average","Above average") -> Below average
A5: Assam | B5: East | C5: 35998752 | D5: 3272 | E5: 604465 | F5: 6047 | G5: =SUM(D5,E5,F5) -> 613784 | H5: =IF(G5<AVERAGE(G:G),"Below average","Above average") -> Below average
A6: Bihar | B6: East | C6: 128500364 | D6: 29 | E6: 716462 | F6: 9662 | G6: =SUM(D6,E6,F6) -> 726153 | H6: =IF(G6<AVERAGE(G:G),"Below average","Above average") -> Below average
A7: Chandigarh | B7: North | C7: 1158040 | D7: 24 | E7: 64536 | F7: 820 | G7: =SUM(D7,E7,F7) -> 65380 | H7: =IF(G7<AVERAGE(G:G),"Below average","Above average") -> Below average
A8: Chhattisgarh | B8: East | C8: 32199722 | D8: 230 | E8: 992508 | F8: 13588 | G8: =SUM(D8,E8,F8) -> 1006326 | H8: =IF(G8<AVERAGE(G:G),"Below average","Above average") -> Above average
A9: Daman and Diu | B9: West | C9: 773997 | D9: 0 | E9: 10678 | F9: 4 | G9: =SUM(D9,E9,F9) -> 10682 | H9: =IF(G9<AVERAGE(G:G),"Below average","Above average") -> Below average
A10: Delhi | B10: North | C10: 19301096 | D10: 361 | E10: 1414934 | F10: 25093 | G10: =SUM(D10,E10,F10) -> 1440388 | H10: =IF(G10<AVERAGE(G:G),"Below average","Above average") -> Above average
A11: Goa | B11: West | C11: 1521992 | D11: 263 | E11: 174830 | F11: 3374 | G11: =SUM(D11,E11,F11) -> 178467 | H11: =IF(G11<AVERAGE(G:G),"Below average","Above average") -> Below average
A12: Gujarat | B12: West | C12: 70400153 | D12: 226 | E12: 816608 | F12: 10090 | G12: =SUM(D12,E12,F12) -> 826924 | H12: =IF(G12<AVERAGE(G:G),"Below average","Above average") -> Below average
A13: Haryana | B13: North | C13: 28900667 | D13: 140 | E13: 761230 | F13: 10050 | G13: =SUM(D13,E13,F13) -> 771420 | H13: =IF(G13<AVERAGE(G:G),"Below average","Above average") -> Below average
... A37: West Bengal | B37: East | C37: 100896618 | D37: 8031 | E37: 1575980 | F37: 19307 | G37: =SUM(D37,E37,F37) -> 1603318 | H37: =IF(G37<AVERAGE(G:G),"Below average","Above average") -> Above average

Sheet INSIGHTS
I6: Insights
I8: SUMIF
I9: total no of deaths from south zone | J9: =SUMIF('COVID-19'!B2:B37,"south",'COVID-19'!F2:F37) -> 130529
I10: total no of active cases in north zone | J10: =SUMIF('COVID-19'!B2:B37,"North",'COVID-19'!D2:D37) -> 3795
I11: total no of dischared people from west zone | J11: =SUMIF('COVID-19'!B2:B37,"west",'COVID-19'!E2:E37) -> 9196864
I13: COUNTIF
I14: no of states in east zone | J14: =COUNTIF('COVID-19'!B2:B37,"east") -> 13
I15: no of states in north zone | J15: =COUNTIFS('COVID-19'!B2:B37,"north") -> 9
I16: no of states which have below average total cases | J16: =COUNTIF('COVID-19'!H2:H37,"below average") -> 26
I17: no of states which have above average total cases | J17: =COUNTIF('COVID-19'!H:H,"above average") -> 10
I19: MAXIF
I20: maximum active cases in noth zone | J20: =_xlfn.MAXIFS('COVID-19'!D2:D37,'COVID-19'!B2:B37,"north") -> 1450
I21: maximum discharged cases in south zone | J21: =_xlfn.MAXIFS('COVID-19'!E2:E37,'COVID-19'!B2:B37,"south") -> 4950281
I22: most deaths in east zone | J22: =_xlfn.MAXIFS('COVID-19'!F2:F37,'COVID-19'!B2:B37,"east") -> 19307
I25: state with highest no of total cases | J25: Maharashtra
I26: state with lowest no of total cases | J26: Andaman and Nicobar
I28: average total cases | J28: =AVERAGE('COVID-19'!G2:G37) -> 956591.86

Sheet DASHBOARD
